repo,stars,new-stars-last-30d,new-stars-last-14d,new-stars-last-7d,new-stars-last-24H,stars-per-mille-30d,days-last-star,days-last-commit,days-since-creation,mentionable-users,language,archived,dependencies,status,start_date,join_date,liveness,unique-contributors,new-commits-last-30d,min-go-version,category,subcategory
project-akri/akri,1038,10,5,3,0,9.634,4,46,1247,38,Rust,false,0,Sandbox,2021-09-14,2021-09-14,18.000,0,0,,Provisioning,Automation & Configuration
distribution/distribution,8259,80,45,27,1,9.686,0,2,3365,417,Go,false,36,Sandbox,2021-01-26,2021-01-26,96.000,6,14,1.20,Provisioning,Container Registry
cdk8s-team/cdk8s,4046,49,27,11,1,12.111,0,0,2348,97,JavaScript,false,22,Sandbox,2020-11-10,2020-11-10,100.000,3,55,,Provisioning,Automation & Configuration
cloud-custodian/cloud-custodian,5164,46,23,9,1,8.908,0,1,2931,426,Python,false,11,Incubating,2020-06-25,2020-06-25,90.000,11,22,,Provisioning,Automation & Configuration
devstream-io/devstream,841,3,2,1,0,3.567,4,305,882,56,Go,false,7,Sandbox,2022-06-17,2022-06-17,12.000,0,0,1.20,Provisioning,Automation & Configuration
kcl-lang/kcl,1160,65,36,18,1,56.034,0,1,674,21,Rust,false,0,Sandbox,2023-09-20,2023-09-20,100.000,7,57,,Provisioning,Automation & Configuration
kptdev/kpt,1611,10,5,2,0,6.207,3,44,1636,96,Go,false,35,Sandbox,2023-06-30,2023-06-30,18.000,0,0,1.21,Provisioning,Automation & Configuration
kubedl-io/kubedl,468,4,2,1,0,8.547,4,6,1551,26,Go,false,37,Sandbox,2021-06-22,2021-06-22,42.000,1,1,1.18,Provisioning,Automation & Configuration
kubeedge/kubeedge,6301,51,29,12,1,8.094,0,1,1989,292,Go,false,57,Incubating,2019-03-18,2019-03-18,82.000,3,10,1.20,Provisioning,Automation & Configuration
metal3-io/baremetal-operator,513,10,8,1,0,19.493,4,1,1872,118,Go,false,19,Sandbox,2020-09-08,2020-09-08,67.000,11,71,1.21.6,Provisioning,Automation & Configuration
openyurtio/openyurt,1641,24,20,18,0,14.625,2,5,1388,123,Go,false,50,Sandbox,2020-09-08,2020-09-08,57.000,2,3,1.18,Provisioning,Automation & Configuration
superedge/superedge,998,4,2,2,0,4.008,2,18,1176,60,Go,false,37,Sandbox,2021-09-14,2021-09-14,22.000,1,1,1.17,Provisioning,Automation & Configuration
tinkerbell/tink,853,5,3,1,0,5.862,1,0,1608,48,Go,false,32,Sandbox,2020-11-10,2020-11-10,72.000,4,38,1.21,Provisioning,Automation & Configuration
confidential-containers/confidential-containers,106,13,7,3,2,122.642,0,36,847,55,unknown,false,0,Sandbox,2022-03-08,2022-03-08,37.000,0,0,,Provisioning,Security & Compliance
dragonflyoss/Dragonfly2,1898,48,29,20,2,25.290,0,1,1221,74,Go,false,94,Incubating,2018-11-13,2018-11-13,90.000,5,25,1.21,Provisioning,Container Registry
goharbor/harbor,21890,208,105,59,5,9.502,0,3,2963,307,Go,false,0,Graduated,2018-07-31,2018-07-31,96.000,8,20,,Provisioning,Container Registry
kanisterio/kanister,713,6,2,0,0,8.415,11,0,2300,82,Go,false,48,Sandbox,2023-09-20,2023-09-20,67.000,17,71,1.21.3,Provisioning,Container Registry
project-zot/zot,669,27,15,5,2,40.359,0,1,1723,34,Go,false,64,Sandbox,2022-12-13,2022-12-13,85.000,7,24,1.21,Provisioning,Container Registry
cert-manager/cert-manager,11302,168,67,40,2,14.865,0,2,2481,430,Go,false,43,Incubating,2020-11-10,2020-11-10,100.000,13,92,1.21,Provisioning,Security & Compliance
kubescape/kubescape,9577,108,39,21,0,11.277,1,3,940,122,Go,false,55,Sandbox,2022-12-13,2022-12-13,80.000,6,35,1.21.1,Provisioning,Security & Compliance
in-toto/in-toto,806,5,2,1,0,6.203,1,3,2846,41,Python,false,1,Incubating,2019-08-14,2019-08-14,52.000,4,38,,Provisioning,Security & Compliance
keycloak/keycloak,19292,338,179,96,7,17.520,0,1,3903,1046,Java,false,0,Incubating,2023-04-10,2023-04-10,100.000,53,325,,Provisioning,Security & Compliance
keylime/keylime,371,2,1,1,0,5.391,2,8,2698,62,Python,false,15,Sandbox,2020-09-22,2020-09-22,34.000,3,7,,Provisioning,Security & Compliance
kubearmor/kubearmor,1204,34,19,9,0,28.239,1,1,1199,84,Go,false,0,Sandbox,2021-11-16,2021-11-16,75.000,14,86,,Provisioning,Security & Compliance
notaryproject/notation,279,16,9,6,0,57.348,1,1,1419,38,Go,false,9,Incubating,2017-10-24,2017-10-24,63.000,2,9,1.21,Provisioning,Security & Compliance
kubewarden/kubewarden-controller,171,6,2,1,0,35.088,4,5,1191,17,Go,false,15,Sandbox,2022-06-17,2022-06-17,52.000,6,22,1.21,Provisioning,Security & Compliance
kyverno/kyverno,4957,109,61,31,1,21.989,0,1,1860,286,Go,false,91,Incubating,2020-11-10,2020-11-10,100.000,12,67,1.21.4,Provisioning,Security & Compliance
curiefense/curiefense,701,3,2,2,0,4.280,3,244,1229,31,Rust,false,0,Sandbox,2021-01-26,2021-01-26,12.000,0,0,,Provisioning,Security & Compliance
containerssh/containerssh,2533,20,6,4,0,7.896,2,62,1375,7,Go,false,5,Sandbox,2022-09-14,2022-09-14,21.000,0,0,1.18,Provisioning,Security & Compliance
project-copacetic/copacetic,704,18,8,6,1,25.568,0,5,423,15,Go,false,24,Sandbox,2023-09-19,2023-09-19,67.000,3,14,1.21,Provisioning,Security & Compliance
external-secrets/external-secrets,3766,245,79,38,3,65.056,0,1,1208,340,Go,false,82,Sandbox,2022-07-26,2022-07-26,100.000,22,60,1.21,Provisioning,Security & Compliance
dexidp/dex,8879,96,36,16,0,10.812,1,11,3127,259,Go,false,36,Sandbox,2020-06-25,2020-06-25,70.000,5,40,1.21,Provisioning,Security & Compliance
opcr-io/policy,199,6,1,1,0,30.151,3,32,893,11,Go,false,26,Sandbox,2022-12-13,2022-12-13,18.000,0,0,1.19,Provisioning,Security & Compliance
open-policy-agent/opa,8959,84,45,22,1,9.376,0,1,2994,418,Go,false,44,Graduated,2018-03-29,2018-03-29,100.000,10,23,1.20,Provisioning,Security & Compliance
falcosecurity/falco,6748,103,62,32,2,15.264,0,2,2972,188,C++,false,0,Graduated,2018-10-10,2018-10-10,100.000,12,87,,Provisioning,Security & Compliance
openfga/openfga,2054,130,90,49,1,63.291,0,1,640,47,Go,false,47,Sandbox,2022-09-14,2022-09-14,100.000,14,56,1.21.8,Provisioning,Security & Compliance
paralus/paralus,907,20,14,8,1,22.051,0,10,638,24,Go,false,47,Sandbox,2022-12-14,2022-12-14,53.000,4,6,1.20,Provisioning,Security & Compliance
parallaxsecond/parsec,448,3,1,0,0,6.696,12,15,1780,35,Rust,false,28,Sandbox,2020-06-25,2020-06-25,19.000,1,4,,Provisioning,Security & Compliance
hexa-org/policy-orchestrator,90,4,4,4,1,44.444,0,110,794,15,Go,false,27,Sandbox,2022-07-26,2022-07-26,22.000,0,0,1.20,Provisioning,Security & Compliance
getsops/sops,14781,158,72,29,2,10.689,0,23,3131,135,Go,false,40,Sandbox,2023-05-17,2023-05-17,72.000,4,7,1.19,Provisioning,Security & Compliance
slimtoolkit/slim,17976,127,64,30,3,7.065,0,8,3104,63,Go,false,37,Sandbox,2023-05-17,2023-05-17,82.000,2,6,1.21,Provisioning,Security & Compliance
theupdateframework/python-tuf,1578,7,5,1,0,4.436,3,2,4055,84,Python,false,0,Graduated,2017-10-24,2017-10-24,62.000,5,72,,Provisioning,Security & Compliance
AthenZ/athenz,848,10,3,3,1,11.792,0,2,2670,75,Java,false,26,Sandbox,2021-01-26,2021-01-26,72.000,7,34,1.21,Provisioning,Key Management
inclavare-containers/inclavare-containers,568,1,0,0,0,1.761,14,326,1397,26,C,false,0,Sandbox,2021-09-14,2021-09-14,2.000,0,0,,Runtime,Container Runtime
spiffe/spiffe,1374,15,7,2,2,10.917,0,34,2406,47,Shell,false,0,Graduated,2018-03-29,2018-03-29,37.000,0,0,,Provisioning,Key Management
spiffe/spire,1638,33,18,7,1,20.147,0,1,2402,170,Go,false,87,Graduated,2018-03-29,2018-03-29,85.000,14,65,1.21,Provisioning,Key Management
tellerops/teller,2482,66,30,18,0,26.591,1,45,1081,30,Go,false,44,Sandbox,2022-04-26,2022-04-26,36.000,0,0,1.18,Provisioning,Key Management
carina-io/carina,661,6,4,3,0,9.077,1,73,934,15,Go,false,28,Sandbox,2022-12-14,2022-12-14,12.000,0,0,1.19,Runtime,Cloud Native Storage
cubeFS/cubefs,4253,50,36,14,0,11.756,1,1,1845,109,Go,false,41,Incubating,2019-12-16,2019-12-16,90.000,16,40,1.17,Runtime,Cloud Native Storage
opencurve/curve,2183,10,7,2,0,4.581,3,64,1347,76,C++,false,0,Sandbox,2022-06-17,2022-06-17,17.000,0,0,,Runtime,Cloud Native Storage
hwameistor/hwameistor,484,20,4,3,0,41.322,1,1,733,37,Go,false,44,Sandbox,2023-06-22,2023-06-22,62.000,5,18,1.18,Runtime,Cloud Native Storage
k8up-io/k8up,520,13,5,1,0,25.000,6,2,1878,39,Go,false,18,Sandbox,2021-11-16,2021-11-16,58.000,3,5,1.19,Runtime,Cloud Native Storage
longhorn/longhorn,5410,84,44,23,4,15.527,0,1,2521,101,Shell,false,0,Incubating,2019-10-11,2019-10-11,96.000,6,15,,Runtime,Cloud Native Storage
openebs/openebs,8543,58,33,11,1,6.789,0,21,2777,209,unknown,false,0,Archived,2019-05-14,2019-05-14,62.000,2,3,,Runtime,Cloud Native Storage
oras-project/oras,1200,24,14,8,1,20.000,0,3,1902,58,Go,false,12,Sandbox,2021-07-13,2021-07-13,67.000,2,6,1.21,Runtime,Cloud Native Storage
piraeusdatastore/piraeus-operator,335,10,6,1,0,29.851,6,2,1689,19,Go,false,20,Sandbox,2021-01-26,2021-01-26,67.000,5,28,1.21,Runtime,Cloud Native Storage
rook/rook,11794,75,41,20,1,6.359,0,1,2801,495,Go,false,39,Graduated,2018-01-29,2018-01-29,100.000,22,118,1.21,Runtime,Cloud Native Storage
v6d-io/v6d,794,8,5,4,1,10.076,0,2,1233,50,C++,false,0,Sandbox,2021-04-28,2021-04-28,72.000,6,38,,Runtime,Cloud Native Storage
containerd/containerd,16008,182,71,34,5,11.369,0,1,3040,579,Go,false,78,Graduated,2017-03-29,2017-03-29,100.000,28,171,1.21,Runtime,Container Runtime
cri-o/cri-o,4966,33,13,8,0,6.645,1,1,2738,292,Go,false,80,Graduated,2019-04-08,2019-04-08,75.000,13,85,1.21,Runtime,Container Runtime
lima-vm/lima,13737,200,108,43,10,14.559,0,0,1030,103,Go,false,50,Sandbox,2022-09-14,2022-09-14,100.000,9,50,1.21,Runtime,Container Runtime
krustlet/krustlet,3521,9,4,1,0,2.556,5,159,1552,45,Rust,false,14,Sandbox,2021-07-13,2021-07-13,12.000,0,0,,Runtime,Container Runtime
kuasar-io/kuasar,1139,14,7,3,0,12.291,2,37,585,21,Rust,false,0,Sandbox,2023-12-19,2023-12-19,27.000,0,0,,Runtime,Container Runtime
rkt/rkt,8826,4,1,0,0,0.453,9,1475,3406,215,Go,true,0,Archived,2017-03-29,2017-03-29,0.000,0,0,,Runtime,Container Runtime
virtual-kubelet/virtual-kubelet,4044,14,11,4,0,3.462,2,50,2287,132,Go,false,30,Sandbox,2018-12-04,2018-12-04,27.000,0,0,1.20,Runtime,Container Runtime
WasmEdge/WasmEdge,7738,175,88,40,3,22.616,0,1,1562,163,C++,false,0,Sandbox,2021-04-28,2021-04-28,100.000,13,71,,Runtime,Container Runtime
antrea-io/antrea,1589,8,2,1,0,5.035,1,1,1598,119,Go,false,80,Sandbox,2021-04-28,2021-04-28,62.000,15,59,1.21.0,Runtime,Cloud Native Network
cilium/cilium,18113,302,157,78,5,16.673,0,0,3006,716,Go,false,121,Graduated,2021-10-13,2021-10-13,100.000,74,358,1.22.0,Runtime,Cloud Native Network
cni-genie/CNI-Genie,526,1,0,0,0,1.901,19,107,2541,21,Go,false,0,Sandbox,2020-06-25,2020-06-25,2.000,0,0,,Runtime,Cloud Native Network
containernetworking/cni,5250,40,13,8,1,7.619,0,4,3261,145,Go,false,4,Incubating,2017-05-23,2017-05-23,67.000,4,8,1.18,Runtime,Cloud Native Network
FabEdge/fabedge,512,2,1,0,0,3.906,12,60,967,16,Go,false,31,Sandbox,2022-03-08,2022-03-08,7.000,0,0,1.17,Runtime,Cloud Native Network
kubeovn/kube-ovn,1782,28,13,3,1,15.713,0,1,1814,97,Go,false,50,Sandbox,2021-01-26,2021-01-26,85.000,13,72,1.22,Runtime,Cloud Native Network
kube-vip/kube-vip,1715,77,42,13,0,44.898,1,8,1497,80,Go,false,33,Sandbox,2021-06-26,2021-06-26,70.000,5,26,1.21,Runtime,Cloud Native Network
networkservicemesh/api,12,0,0,0,0,0.000,74,8,1506,25,Go,false,4,Sandbox,2019-04-11,2019-04-11,20.000,1,1,1.20,Runtime,Cloud Native Network
spidernet-io/spiderpool,433,7,4,0,0,16.166,10,3,733,31,Go,false,60,Sandbox,2023-12-19,2023-12-19,47.000,6,36,1.21,Runtime,Cloud Native Network
submariner-io/submariner,2291,15,5,1,0,6.547,1,1,1825,36,Go,false,26,Sandbox,2021-04-28,2021-04-28,66.000,3,23,1.21,Runtime,Cloud Native Network
armadaproject/armada,394,9,4,1,1,22.843,0,1,1725,87,Go,false,76,Sandbox,2022-07-25,2022-07-25,72.000,9,52,1.20,Orchestration & Management,Scheduling & Orchestration
projectcapsule/capsule,1416,45,10,3,0,31.780,3,3,1349,51,Go,false,18,Sandbox,2022-12-13,2022-12-13,65.000,4,29,1.21,Orchestration & Management,Scheduling & Orchestration
clusternet/clusternet,1286,8,5,3,0,6.221,2,3,1006,43,Go,false,39,Sandbox,2023-03-07,2023-03-07,44.000,2,5,1.21,Orchestration & Management,Scheduling & Orchestration
clusterpedia-io/clusterpedia,712,3,1,0,0,4.213,10,19,883,45,Go,false,36,Sandbox,2022-06-17,2022-06-17,19.000,3,5,1.20,Orchestration & Management,Scheduling & Orchestration
crossplane/crossplane,8476,184,107,45,5,21.708,0,0,2010,202,Go,false,47,Incubating,2020-06-25,2020-06-25,100.000,15,83,1.21,Orchestration & Management,Scheduling & Orchestration
eraser-dev/eraser,411,53,46,11,1,128.954,0,3,1016,28,Go,false,26,Sandbox,2023-06-30,2023-06-30,82.000,5,9,1.18,Orchestration & Management,Scheduling & Orchestration
fluid-cloudnative/fluid,1509,18,11,3,0,11.928,2,1,1337,600,Go,false,32,Sandbox,2021-04-28,2021-04-28,71.000,14,27,1.18,Orchestration & Management,Scheduling & Orchestration
karmada-io/karmada,3968,90,40,19,2,22.681,0,0,1215,222,Go,false,55,Incubating,2021-09-14,2021-09-14,100.000,13,47,1.20,Orchestration & Management,Scheduling & Orchestration
kcp-dev/kcp,2164,20,9,4,0,9.242,1,0,1074,108,Go,false,39,Sandbox,2023-09-19,2023-09-19,77.000,5,20,1.20,Orchestration & Management,Scheduling & Orchestration
kedacore/keda,7586,103,51,24,1,13.578,0,1,1852,346,Go,false,110,Graduated,2020-03-12,2020-03-12,100.000,12,15,1.21,Orchestration & Management,Scheduling & Orchestration
knative/serving,5326,59,41,36,1,11.078,0,0,2236,295,Go,false,34,Incubating,2022-03-02,2022-03-02,100.000,8,91,1.21,Orchestration & Management,Scheduling & Orchestration
kube-rs/kube-rs,2595,57,28,11,0,21.965,1,4,1945,113,Rust,false,0,Sandbox,2021-11-16,2021-11-16,62.000,4,6,,Orchestration & Management,Scheduling & Orchestration
kubeflow/kubeflow,13504,112,55,31,3,8.294,0,1,2291,364,TypeScript,false,0,Incubating,2023-07-25,2023-07-25,100.000,3,5,,Orchestration & Management,Scheduling & Orchestration
kubernetes/kubernetes,105632,790,415,195,22,7.479,0,0,3564,3771,Go,false,114,Graduated,2016-03-10,2016-03-10,100.000,95,853,1.22.0,Orchestration & Management,Scheduling & Orchestration
kubestellar/kubestellar,201,7,3,3,0,34.826,2,1,492,33,Go,false,14,Sandbox,2023-12-19,2023-12-19,62.000,11,255,1.20,Orchestration & Management,Scheduling & Orchestration
kubereboot/kured,2041,17,6,3,0,8.329,1,8,2517,59,Go,false,14,Sandbox,2022-09-14,2022-09-14,43.000,3,8,1.20,Orchestration & Management,Scheduling & Orchestration
open-cluster-management-io/api,241,3,2,1,0,12.448,4,18,1459,52,Go,false,14,Sandbox,2021-11-09,2021-11-09,22.000,1,1,1.21,Orchestration & Management,Scheduling & Orchestration
OpenFunction/OpenFunction,1406,14,10,5,0,9.957,3,169,1178,30,Go,false,18,Sandbox,2022-04-26,2022-04-26,21.000,0,0,1.19,Orchestration & Management,Scheduling & Orchestration
serverless-devs/serverless-devs,1641,16,8,4,1,9.750,0,1,1235,35,TypeScript,false,0,Sandbox,2022-09-14,2022-09-14,81.000,4,29,,Orchestration & Management,Scheduling & Orchestration
xline-kv/Xline,493,18,12,9,2,36.511,0,1,674,20,Rust,false,0,Sandbox,2023-06-30,2023-06-30,81.000,5,44,,Orchestration & Management,Coordination & Service Discovery
volcano-sh/volcano,3655,58,40,8,0,15.869,1,1,1822,197,Go,false,39,Incubating,2020-04-09,2020-04-09,82.000,4,9,1.20,Orchestration & Management,Scheduling & Orchestration
wasmCloud/wasmCloud,1182,22,10,6,0,18.613,2,2,1241,68,Rust,false,130,Sandbox,2021-07-13,2021-07-13,75.000,14,100,,Orchestration & Management,Scheduling & Orchestration
coredns/coredns,11649,118,62,29,4,10.130,0,2,2913,356,Go,false,35,Graduated,2017-02-27,2017-02-27,100.000,6,14,1.20,Orchestration & Management,Coordination & Service Discovery
etcd-io/etcd,45905,252,121,69,6,5.490,0,0,3899,836,Go,false,21,Graduated,2018-12-11,2018-12-11,100.000,20,105,1.22,Orchestration & Management,Coordination & Service Discovery
k8gb-io/k8gb,715,12,7,4,1,16.783,0,0,1564,22,Go,false,20,Sandbox,2021-03-30,2021-03-30,91.000,1,55,1.19,Orchestration & Management,Coordination & Service Discovery
projectcontour/contour,3611,28,13,5,0,7.754,1,2,2326,218,Go,false,43,Incubating,2020-07-07,2020-07-07,75.000,8,58,1.22.0,Orchestration & Management,Service Proxy
grpc/grpc,40373,260,146,78,9,6.440,0,0,3379,886,C++,false,0,Incubating,2017-02-16,2017-02-16,100.000,34,120,,Orchestration & Management,Remote Procedure Call
bfenetworks/bfe,6040,20,14,8,0,3.311,1,91,1683,100,Go,false,28,Sandbox,2020-06-25,2020-06-25,21.000,0,0,1.17,Orchestration & Management,Service Proxy
envoyproxy/envoy,23658,239,153,102,6,10.102,0,0,2770,1163,C++,false,1,Graduated,2017-09-13,2017-09-13,100.000,62,267,1.20,Orchestration & Management,Service Proxy
metallb/metallb,6523,76,47,26,2,11.651,0,2,2313,185,Go,false,26,Sandbox,2021-09-14,2021-09-14,100.000,13,40,1.20,Orchestration & Management,Service Proxy
openelb/openelb,1515,12,9,6,1,7.921,0,4,1863,26,Go,false,27,Sandbox,2021-11-09,2021-11-09,67.000,3,11,1.21,Orchestration & Management,Service Proxy
megaease/easegress,5670,20,10,5,1,3.527,0,0,1016,62,Go,false,88,Sandbox,2023-12-19,2023-12-19,83.000,2,6,1.21,Orchestration & Management,API Gateway
emissary-ingress/emissary,4243,25,16,8,1,5.892,0,4,2536,225,Python,false,0,Incubating,2021-04-13,2021-04-13,67.000,4,7,,Orchestration & Management,API Gateway
aeraki-mesh/aeraki,714,2,0,0,0,2.801,15,21,1220,31,Go,false,29,Sandbox,2022-06-17,2022-06-17,14.000,1,1,1.20,Orchestration & Management,Service Mesh
istio/istio,34579,269,96,54,9,7.779,0,0,2668,1046,Go,false,115,Graduated,2022-09-30,2022-09-30,100.000,33,214,1.22,Orchestration & Management,Service Mesh
kumahq/kuma,3457,34,17,9,0,9.835,2,1,1823,95,Go,false,86,Sandbox,2020-06-25,2020-06-25,75.000,13,201,1.21.8,Orchestration & Management,Service Mesh
linkerd/linkerd2,10244,89,37,16,0,8.688,1,1,2287,343,Go,false,50,Graduated,2017-01-23,2017-01-23,90.000,13,142,1.22,Orchestration & Management,Service Mesh
nats-io/nats-server,14487,226,140,48,3,15.600,0,1,4149,141,Go,false,10,Incubating,2018-03-15,2018-03-15,100.000,13,150,1.20,App Definition and Development,Streaming & Messaging
tikv/tikv,14270,121,63,38,5,8.479,0,1,2991,417,Rust,false,156,Graduated,2018-08-28,2018-08-28,100.000,16,34,,App Definition and Development,Database
vitessio/vitess,17604,159,97,56,8,9.032,0,0,3908,378,Go,false,88,Graduated,2018-02-05,2018-02-05,100.000,26,114,1.22.1,App Definition and Development,Database
cloudevents/spec,4651,72,39,23,1,15.481,0,2,2282,120,Python,false,0,Graduated,2018-05-15,2018-05-15,92.000,4,7,,App Definition and Development,Streaming & Messaging
tremor-rs/tremor-runtime,811,6,2,1,1,7.398,0,2,1622,45,Rust,false,84,Sandbox,2020-09-08,2020-09-08,64.000,2,6,,App Definition and Development,Streaming & Messaging
pravega/pravega,1961,14,7,3,0,7.139,3,1,2798,104,Java,false,0,Sandbox,2020-11-10,2020-11-10,63.000,4,7,,App Definition and Development,Streaming & Messaging
strimzi/strimzi-kafka-operator,4346,108,39,19,5,24.850,0,1,2864,249,Java,false,0,Incubating,2019-08-28,2019-08-28,100.000,16,72,,App Definition and Development,Streaming & Messaging
backstage/backstage,25805,573,164,89,2,22.205,0,0,1506,1413,TypeScript,false,0,Incubating,2020-09-08,2020-09-08,100.000,80,1213,,App Definition and Development,Application Definition & Image Build
artifacthub/hub,1490,20,11,6,0,13.423,1,3,1516,41,TypeScript,false,52,Sandbox,2020-06-25,2020-06-25,53.000,2,4,1.21,App Definition and Development,Application Definition & Image Build
openservicemesh/osm,2583,1,1,1,1,0.387,0,243,1548,88,Go,true,62,Archived,2020-09-08,2020-09-08,0.000,0,0,1.19,Orchestration & Management,Service Mesh
merbridge/merbridge,713,4,2,0,0,5.610,10,17,787,24,Go,false,18,Sandbox,2022-12-14,2022-12-14,17.000,1,1,1.19,Orchestration & Management,Service Mesh
servicemeshinterface/smi-spec,1049,2,1,1,0,1.907,2,141,1813,43,Makefile,true,0,Archived,2020-03-19,2020-03-19,0.000,0,0,,Orchestration & Management,Service Mesh
carvel-dev/ytt,1553,13,7,4,1,8.371,0,32,1836,62,Go,false,11,Sandbox,2022-09-14,2022-09-14,37.000,0,0,1.21,App Definition and Development,Application Definition & Image Build
buildpacks/pack,2354,28,12,5,0,11.895,2,1,2084,123,Go,false,36,Incubating,2018-10-03,2018-10-03,75.000,8,33,1.21,App Definition and Development,Application Definition & Image Build
service-mesh-performance/service-mesh-performance,273,5,3,0,0,18.315,9,11,1862,90,Makefile,false,2,Sandbox,2021-06-22,2021-06-22,29.000,2,2,1.14,Orchestration & Management,Service Mesh
devfile/api,222,4,3,1,0,18.018,4,2,1556,31,Go,false,13,Sandbox,2022-01-11,2022-01-11,54.000,2,2,1.19,App Definition and Development,Application Definition & Image Build
dapr/dapr,23074,173,91,35,3,7.498,0,0,1726,262,Go,false,78,Incubating,2021-11-09,2021-11-09,100.000,11,44,1.21,App Definition and Development,Application Definition & Image Build
devspace-sh/devspace,4016,52,17,10,0,12.948,2,9,2031,85,Go,false,63,Sandbox,2022-12-13,2022-12-13,51.000,2,12,1.20,App Definition and Development,Application Definition & Image Build
helm/helm,25794,180,82,37,3,6.978,0,8,3078,669,Go,false,43,Graduated,2018-06-01,2018-06-01,82.000,3,10,1.21,App Definition and Development,Application Definition & Image Build
schemahero/schemahero,935,9,4,0,0,9.626,8,23,1778,41,Go,false,24,Sandbox,2020-11-10,2020-11-10,19.000,1,3,1.21,App Definition and Development,Database
getporter/porter,1121,17,12,6,1,15.165,0,4,1954,104,Go,false,64,Sandbox,2020-09-08,2020-09-08,63.000,6,9,1.20,App Definition and Development,Application Definition & Image Build
ko-build/ko,7016,106,61,34,8,15.108,0,4,1815,83,Go,false,17,Sandbox,2022-12-14,2022-12-14,98.000,3,15,1.21,App Definition and Development,Application Definition & Image Build
konveyor/tackle2-operator,22,0,0,0,0,0.000,38,23,751,32,Jinja,false,0,Sandbox,2022-07-26,2022-07-26,10.000,1,1,,App Definition and Development,Application Definition & Image Build
krator-rs/krator,153,5,0,0,0,32.680,16,695,1027,21,Rust,false,0,Archived,2021-07-13,2021-07-13,4.000,0,0,,App Definition and Development,Application Definition & Image Build
kubevela/kubevela,5949,65,45,28,1,10.926,0,31,1345,228,Go,false,92,Incubating,2021-06-22,2021-06-22,56.000,0,0,1.19,App Definition and Development,Application Definition & Image Build
kubevirt/kubevirt,4971,79,47,25,1,15.892,0,0,2640,319,Go,false,84,Incubating,2019-09-06,2019-09-06,100.000,41,293,1.21,App Definition and Development,Application Definition & Image Build
kudobuilder/kudo,1155,8,5,3,0,6.926,2,981,1935,66,Go,false,29,Sandbox,2020-06-25,2020-06-25,12.000,0,0,1.16,App Definition and Development,Application Definition & Image Build
microcks/microcks,1143,48,21,10,0,41.995,1,4,3302,38,Java,false,0,Sandbox,2023-06-22,2023-06-22,62.000,2,4,,App Definition and Development,Application Definition & Image Build
nocalhost/nocalhost,1748,9,8,4,0,5.149,1,282,1216,36,Go,false,82,Sandbox,2021-11-16,2021-11-16,17.000,0,0,1.16,App Definition and Development,Application Definition & Image Build
operator-framework/operator-sdk,6943,50,27,11,1,7.201,0,9,2222,355,Go,false,42,Incubating,2020-07-09,2020-07-09,62.000,2,3,1.21,App Definition and Development,Application Definition & Image Build
brigadecore/brigade,2395,4,1,1,1,1.670,0,529,2329,92,Go,false,0,Archived,2019-03-18,2019-03-18,22.000,0,0,,App Definition and Development,Continuous Integration & Delivery
sealerio/sealer,1990,14,4,2,0,7.035,2,134,1045,76,Go,false,63,Sandbox,2022-04-26,2022-04-26,16.000,0,0,1.17,App Definition and Development,Application Definition & Image Build
serverlessworkflow/specification,683,15,7,3,0,21.962,4,17,1394,42,TypeScript,false,0,Sandbox,2020-07-14,2020-07-14,33.000,3,4,,App Definition and Development,Application Definition & Image Build
telepresenceio/telepresence,6266,56,26,11,2,8.937,0,0,2571,85,Go,false,60,Sandbox,2018-05-15,2018-05-15,100.000,4,87,1.21.1,App Definition and Development,Application Definition & Image Build
vscode-kubernetes-tools/vscode-kubernetes-tools,654,4,2,2,0,6.116,3,54,2419,120,TypeScript,false,1,Sandbox,2021-11-09,2021-11-09,18.000,0,0,1.16,App Definition and Development,Application Definition & Image Build
argoproj/argo-cd,15724,368,224,148,46,23.404,0,0,2220,1295,Go,false,105,Graduated,2020-03-26,2020-03-26,100.000,57,89,1.21,App Definition and Development,Continuous Integration & Delivery
openkruise/kruise,4300,30,14,9,0,6.977,2,1,1745,114,Go,false,39,Incubating,2020-11-10,2020-11-10,67.000,6,7,1.19,App Definition and Development,Continuous Integration & Delivery
fluxcd/flux2,5811,160,84,35,2,27.534,0,2,1415,145,Go,false,54,Graduated,2019-07-15,2019-07-15,100.000,3,8,1.20,App Definition and Development,Continuous Integration & Delivery
keptn/lifecycle-toolkit,185,18,10,5,1,97.297,0,2,554,77,Go,false,0,Incubating,2020-06-25,2020-06-25,81.000,16,132,,App Definition and Development,Continuous Integration & Delivery
open-gitops/project,816,17,3,1,0,20.833,3,1,975,16,unknown,false,0,Sandbox,2021-01-26,2021-01-26,58.000,3,10,,App Definition and Development,Continuous Integration & Delivery
kube-burner/kube-burner,416,13,7,4,0,31.250,2,1,1284,39,Go,false,16,Sandbox,2023-12-18,2023-12-18,67.000,7,11,1.19,App Definition and Development,Continuous Integration & Delivery
pipe-cd/pipecd,934,11,7,3,1,11.777,0,4,1366,81,Go,false,55,Sandbox,2023-05-17,2023-05-17,63.000,5,8,1.20,App Definition and Development,Continuous Integration & Delivery
werf/werf,3877,36,17,9,2,9.286,0,2,2966,52,Go,false,88,Sandbox,2022-12-13,2022-12-13,85.000,4,63,1.21.1,App Definition and Development,Continuous Integration & Delivery
kubeclipper/kubeclipper,247,5,3,0,0,20.243,8,4,631,17,Go,false,60,Sandbox,2023-06-30,2023-06-30,37.000,1,1,1.20,Platform,Certified Kubernetes - Installer
k3s-io/k3s,26052,301,137,63,8,11.554,0,1,2109,1852,Go,false,87,Sandbox,2020-08-19,2020-08-19,100.000,18,64,1.21,Platform,Certified Kubernetes - Distribution
k8sgpt-ai/k8sgpt,4639,286,60,30,4,61.651,0,1,354,65,Go,false,41,Sandbox,2023-12-19,2023-12-19,100.000,9,56,1.21,Observability and Analysis,Monitoring
headlamp-k8s/headlamp,1474,63,21,12,1,42.741,0,1,1583,37,TypeScript,false,0,Sandbox,2023-05-17,2023-05-17,90.000,8,93,,Observability and Analysis,Monitoring
prometheus/prometheus,52100,487,284,115,10,9.347,0,1,4123,874,Go,false,88,Graduated,2016-05-09,2016-05-09,100.000,30,166,1.21,Observability and Analysis,Monitoring
foniod/foniod,411,0,0,0,0,0.000,93,1034,2152,4,Rust,true,34,Archived,2021-03-30,2021-03-30,0.000,0,0,,Observability and Analysis,Monitoring
sustainable-computing-io/kepler,907,22,13,4,1,24.256,0,1,767,47,C,false,24,Sandbox,2023-05-17,2023-05-17,85.000,11,61,1.20,Observability and Analysis,Monitoring
kuberhealthy/kuberhealthy,1891,15,6,4,0,7.932,3,44,2090,88,Go,false,18,Sandbox,2021-03-30,2021-03-30,27.000,0,0,1.21,Observability and Analysis,Monitoring
OpenObservability/OpenMetrics,2233,21,7,4,0,9.404,2,425,2452,37,Go,false,0,Incubating,2018-08-10,2018-08-10,25.000,0,0,,Observability and Analysis,Monitoring
trickstercache/trickster,1942,9,5,1,0,4.634,1,21,2172,67,Go,false,25,Sandbox,2021-03-30,2021-03-30,24.000,3,7,1.21,Observability and Analysis,Monitoring
skooner-k8s/skooner,1217,17,9,5,1,13.969,0,65,1821,48,JavaScript,false,0,Sandbox,2021-01-26,2021-01-26,31.000,0,0,,Observability and Analysis,Monitoring
thanos-io/thanos,12495,86,44,21,2,6.883,0,1,2320,592,Go,false,93,Incubating,2019-07-14,2019-07-14,100.000,14,42,1.21,Observability and Analysis,Monitoring
open-feature/spec,489,18,11,10,4,36.810,0,8,757,52,Python,false,0,Incubating,2022-06-17,2022-06-17,53.000,4,6,,Observability and Analysis,Feature Flagging
inspektor-gadget/inspektor-gadget,1860,49,20,12,0,26.344,1,1,1789,38,C,false,61,Sandbox,2023-03-07,2023-03-07,75.000,10,178,1.21.0,Observability and Analysis,Monitoring
cortexproject/cortex,5320,22,12,7,1,4.135,0,3,2738,276,Go,false,76,Incubating,2018-09-20,2018-09-20,75.000,10,21,1.21,Observability and Analysis,Monitoring
chaos-mesh/chaos-mesh,6228,53,30,14,2,8.510,0,28,1648,191,Go,false,81,Incubating,2020-07-14,2020-07-14,50.000,1,1,1.20,Observability and Analysis,Chaos Engineering
kube-logging/logging-operator,1465,23,8,3,0,15.700,3,3,2083,119,Go,false,22,Sandbox,2023-09-19,2023-09-19,65.000,12,39,1.21,Observability and Analysis,Logging
jaegertracing/jaeger,19178,169,83,53,3,8.812,0,0,2885,324,Go,false,79,Graduated,2017-09-13,2017-09-13,100.000,11,37,1.21,Observability and Analysis,Tracing
chaosblade-io/chaosblade,5716,28,17,7,2,4.899,0,69,1824,56,Go,false,15,Sandbox,2021-04-28,2021-04-28,35.000,0,0,1.20,Observability and Analysis,Chaos Engineering
litmuschaos/litmus,4112,44,22,9,1,10.700,0,1,2551,182,Go,false,0,Incubating,2020-06-25,2020-06-25,90.000,18,38,,Observability and Analysis,Chaos Engineering
open-telemetry/opentelemetry-java,1799,34,20,12,3,18.899,0,0,1838,366,Java,false,0,Incubating,2019-05-07,2019-05-07,95.000,8,41,,Observability and Analysis,Tracing
krkn-chaos/krkn,233,4,0,0,0,17.167,18,2,1420,40,Python,false,40,Sandbox,2023-12-19,2023-12-19,54.000,4,26,,Observability and Analysis,Chaos Engineering
opentracing/opentracing-go,3490,5,5,4,0,1.433,1,740,3026,58,Go,true,1,Archived,2016-10-11,2016-10-11,0.000,0,0,1.14,Observability and Analysis,Tracing
opencost/opencost,4586,93,57,44,1,20.279,0,1,1809,108,Go,false,56,Sandbox,2022-06-17,2022-06-17,100.000,19,107,1.21.0,Observability and Analysis,Continuous Optimization
fluent/fluentd,12458,59,28,19,4,4.736,0,1,4647,245,Ruby,false,0,Graduated,2016-11-08,2016-11-08,82.000,2,5,,Observability and Analysis,Logging
pixie-io/pixie,5193,59,32,20,0,11.361,1,1,1473,75,C++,false,97,Sandbox,2021-06-22,2021-06-22,82.000,4,4,1.21,Observability and Analysis,Monitoring
